Title,Date
"Carole e Tuesday: Parte 1: Feras na dança","10/04/2022"
"Carole e Tuesday: Parte 1: Todos os caras jovens","16/01/2022"
"Carole e Tuesday: Parte 1: Fazer teste é o caminho","15/01/2022"
"Carole e Tuesday: Parte 1: A vida é um festival","09/01/2022"
"Carole e Tuesday: Parte 1: Respirando fundo","08/01/2022"
"Carole e Tuesday: Parte 1: Videoclipe","04/01/2022"
"Carole e Tuesday: Parte 1: Fogo e água","01/01/2022"
"Carole e Tuesday: Parte 1: Nasceram para correr","31/12/2021"
"Carole e Tuesday: Parte 1: True Colors","30/12/2021"
"Dorohedoro: Episódio 2","07/12/2021"
"Cowboy Bebop: Gospel do cowboy","05/12/2021"
"Round 6: Temporada 1: Batatinha frita 1, 2, 3","28/11/2021"
"Cowboy Bebop: Balada de anjos caídos","22/11/2021"
"Cowboy Bebop: O verdadeiro folk blues - Parte 2","21/11/2021"
"Cowboy Bebop: O verdadeiro folk blues - Parte 1","21/11/2021"
"Cowboy Bebop: Hard luck woman","21/11/2021"
"Cowboy Bebop: Brain scratch","21/11/2021"
"Cowboy Bebop: Cowboy funk","21/11/2021"
"Cowboy Bebop: Boogie woogie feng shui","21/11/2021"
"Cowboy Bebop: O demônio das onze horas","19/11/2021"
"Cowboy Bebop: Wild horses","19/11/2021"
"Cowboy Bebop: Speak like a child","15/11/2021"
"Cowboy Bebop: Mushroom samba","15/11/2021"
"Cowboy Bebop: Serenata do cão preto","15/11/2021"
"Cowboy Bebop: My funny valentine","14/11/2021"
"Cowboy Bebop: Bohemian rhapsody","14/11/2021"
"Cowboy Bebop: Jazz Jupiteriano - Parte 2","14/11/2021"
"Cowboy Bebop: Jazz Jupiteriano - Parte 1","14/11/2021"
"Cowboy Bebop: Toys in the attic","14/11/2021"
"Cowboy Bebop: Elegia de Ganimedes","13/11/2021"
"Cowboy Bebop: Jamming with Edward","07/11/2021"
"Cowboy Bebop: Valsa para Vênus","07/11/2021"
"Cowboy Bebop: Rainha do heavy metal","07/11/2021"
"Cowboy Bebop: Sympathy for the devil","07/11/2021"
"Cowboy Bebop: Escapatória","02/11/2021"
"Cowboy Bebop: Honky tonk women","02/11/2021"
"Cowboy Bebop: Stray dog strut","02/11/2021"
"Cowboy Bebop: Asteroid blues","31/10/2021"
"Hypnotic","31/10/2021"
"The Walking Dead: Temporada 3: Lar","25/10/2021"
"Blue Period: Despertar para o prazer da pintura","24/10/2021"
"SHAMAN KING: Lugar especial","17/10/2021"
"Demon Slayer: Kimetsu no Yaiba: Tanjiro Kamado, Arco da Determinação Inabalável: Muzan Kibutsuji","17/10/2021"
"Demon Slayer: Kimetsu no Yaiba: Tanjiro Kamado, Arco da Determinação Inabalável: O espadachim que acompanhou um demônio","17/10/2021"
"Demon Slayer: Kimetsu no Yaiba: Tanjiro Kamado, Arco da Determinação Inabalável: Meu próprio aço","16/10/2021"
"Demon Slayer: Kimetsu no Yaiba: Tanjiro Kamado, Arco da Determinação Inabalável: Seleção final","16/10/2021"
"Demon Slayer: Kimetsu no Yaiba: Tanjiro Kamado, Arco da Determinação Inabalável: Sabito e Makomo","12/10/2021"
"Demon Slayer: Kimetsu no Yaiba: Tanjiro Kamado, Arco da Determinação Inabalável: Sakonji Urokodaki, o treinador","10/10/2021"
"Demon Slayer: Kimetsu no Yaiba: Tanjiro Kamado, Arco da Determinação Inabalável: Crueldade","10/10/2021"
"Round 6: Temporada 1: Um dia de sorte","04/10/2021"
"Round 6: Temporada 1: O líder","03/10/2021"
"Round 6: Temporada 1: VIPs","03/10/2021"
"Round 6: Temporada 1: Gganbu","03/10/2021"
"Round 6: Temporada 1: Um mundo justo","03/10/2021"
"Round 6: Temporada 1: Fiquem juntos","03/10/2021"
"Round 6: Temporada 1: O homem do guarda-chuva","03/10/2021"
"The End of Evangelion","02/10/2021"
"Round 6: Temporada 1: Inferno","02/10/2021"
"Neon Genesis Evangelion: A fera que gritou eu no coração do mundo","25/09/2021"
"Neon Genesis Evangelion: O fim do mundo","07/09/2021"
"Neon Genesis Evangelion: O mensageiro final","07/09/2021"
"Neon Genesis Evangelion: Pelo menos, seja humano","06/09/2021"
"Neon Genesis Evangelion: Lágrimas","06/09/2021"
"Neon Genesis Evangelion: O nascimento da Nerv","05/09/2021"
"Neon Genesis Evangelion: A luta de um homem","05/09/2021"
"Neon Genesis Evangelion: Forma da mente, forma de homem","04/09/2021"
"Neon Genesis Evangelion: Mentiras e silêncio","30/08/2021"
"Neon Genesis Evangelion: O julgamento da vida","29/08/2021"
"Neon Genesis Evangelion: A quarta criança","29/08/2021"
"Neon Genesis Evangelion: Doença até a morte","29/08/2021"
"Neon Genesis Evangelion: SEELE, um lugar para a alma!","28/08/2021"
"Neon Genesis Evangelion: A invasão dos anjos","28/08/2021"
"Neon Genesis Evangelion: O valor de um milagre","22/08/2021"
"Neon Genesis Evangelion: Na escuridão silenciosa","22/08/2021"
"Neon Genesis Evangelion: Inferno de magma!","21/08/2021"
"SHAMAN KING: Anna e Tao Jun","21/08/2021"
"Palavras que Borbulham como Refrigerante","16/08/2021"
"Neon Genesis Evangelion: Momento de união de mentes","16/08/2021"
"Neon Genesis Evangelion: Asuka ataca!","16/08/2021"
"Neon Genesis Evangelion: A criação humana","16/08/2021"
"Neon Genesis Evangelion: Confronto em Neo Tóquio Três","12/08/2021"
"Neon Genesis Evangelion: Rei, além de seu coração.","11/08/2021"
"Neon Genesis Evangelion: Chuva depois da fuga","09/08/2021"
"Neon Genesis Evangelion: Telefone silencioso","08/08/2021"
"Neon Genesis Evangelion: Ambiente desconhecido","08/08/2021"
"Neon Genesis Evangelion: Ataque do anjo","08/08/2021"
"Dorohedoro: Episódio 1","27/06/2021"
"O Homem do Futuro","27/06/2021"
"Um Dia","19/06/2021"
"Violet Evergarden: Episódio 2","21/03/2021"
"Troco em Dobro","15/03/2021"
"Violet Evergarden: Episódio 1","14/03/2021"
"O Último Virgem","18/01/2021"
"O Segredo","16/01/2021"
"Heróis modestos: Cinema de Curtas da Ponoc","05/12/2020"
"Amizade Colorida","01/12/2020"
"Vozes","30/11/2020"
"Pecados íntimos","29/11/2020"
"Patch Adams, o Amor é Contagioso","28/11/2020"
"O Castelo de Cagliostro","28/11/2020"
"Era uma vez um sonho","27/11/2020"
"365 Dias","26/11/2020"
"Casa comigo?","24/11/2020"
"A Garota que conquistou o tempo","10/06/2020"
"Os Vingadores Unidos: Temporada 4: Além","30/05/2020"
"María Magdalena: Episódio 5","24/05/2020"
"Os Vingadores Unidos: Temporada 4: Dimensão Z","23/05/2020"
"Outlander: Temporada 1: Castelo de Leoch","16/05/2020"
"Outlander: Temporada 1: Inglesa","16/05/2020"
"Os Vingadores Unidos: Temporada 4: O retorno","16/05/2020"
"Os Vingadores Unidos: Temporada 4: Sob o feitiço da Encantor","09/05/2020"
"Os Vingadores Unidos: Temporada 4: Mostre seu trabalho","18/04/2020"
"Recém-Casado","07/04/2020"
"Carta ao Rei: Quando a tempestade se armar","07/04/2020"
"María Magdalena: Episódio 1","02/04/2020"
"A Casa","30/03/2020"
"Próxima Parada: Apocalipse","28/03/2020"
"A Onda","26/03/2020"
"O Melhor de Mim","25/03/2020"
"No Olho do Tornado","24/03/2020"
"Anne with an E: Temporada 1: Sua determinação dita seu destino","21/03/2020"
"O Céu é de Verdade","18/03/2020"
"Um olhar do paraíso","14/03/2020"
"Terremoto: A Falha de San Andreas","13/03/2020"
"Fim do Mundo","12/03/2020"
"A Casa de Cera","12/03/2020"
"Mãos talentosas: A história de Ben Carson","11/03/2020"
"Akira","16/02/2020"
"María Magdalena: Episódio 4","12/01/2020"
"María Magdalena: Episódio 3","05/01/2020"
"María Magdalena: Episódio 2","07/12/2019"
"Luzes no Céu: Fireworks","22/11/2019"
"O Espetacular Homem-Aranha","22/09/2019"
"SAINT SEIYA: Os Cavaleiros do Zodíaco: Parte 1: Queime seu cosmo","15/09/2019"
"The Umbrella Academy: Temporada 1: Comum (só que não)","22/04/2019"
"The Umbrella Academy: Temporada 1: Corre, cara, corre","19/04/2019"
"The Umbrella Academy: Temporada 1: A gente só se encontra em casamentos e funerais","16/04/2019"
"O Fotógrafo de Mauthausen","21/03/2019"
"Love, Death & Robots: Volume 1: A VANTAGEM DE SONNIE","17/03/2019"
"Bird Box","23/02/2019"
"Shiki Oriori: O Sabor da Juventude","24/12/2018"
"The Seven Deadly Sins: Ressurreição dos Dez Mandamentos: O renascer do clã dos demônios","24/12/2018"
"Your Name","16/07/2018"
"Little Witch Academia: Temporada 1: Papilliodia","15/07/2018"
"Agente Carter: Temporada 2: Final digno de Hollywood","28/01/2018"
"Agente Carter: Temporada 2: Ritmo quente","08/01/2018"
"Agente Carter: Temporada 2: No limite do mistério","08/01/2018"
"One-Punch Man: Temporada 1: O ciborgue solitário","08/01/2018"
"Agente Carter: Temporada 2: Monstros","04/01/2018"
"Agente Carter: Temporada 2: Centro das atenções","03/01/2018"
"Agente Carter: Temporada 2: O trabalho atômico","02/01/2018"
"Agente Carter: Temporada 2: Fumaça e espelhos","02/01/2018"
"Agente Carter: Temporada 2: Anjos bons","02/01/2018"
"Agente Carter: Temporada 2: Uma visão no escuro","20/11/2017"
"Agente Carter: Temporada 2: A moça do lago","16/11/2017"
"Agentes S.H.I.E.L.D. da Marvel: Temporada 4: Fim do Mundo","09/11/2017"
"Agentes S.H.I.E.L.D. da Marvel: Temporada 4: O Retorno","08/11/2017"
"Agentes S.H.I.E.L.D. da Marvel: Temporada 4: Adeus, Mundo Cruel!","07/11/2017"
"Agentes S.H.I.E.L.D. da Marvel: Temporada 4: Todos os Homens da Madame","07/11/2017"
"Agentes S.H.I.E.L.D. da Marvel: Temporada 4: Sem Arrependimentos","07/11/2017"
"Agentes S.H.I.E.L.D. da Marvel: Temporada 4: Identidade e Mudança","03/11/2017"
"Thor – O Mundo Sombrio","31/10/2017"
"Thor","30/10/2017"
"Agentes S.H.I.E.L.D. da Marvel: Temporada 4: E Se…","28/10/2017"
"One-Punch Man: Temporada 1: O homem mais poderoso","28/10/2017"
"Agentes S.H.I.E.L.D. da Marvel: Temporada 4: Auto-Controle","27/10/2017"
"Agentes S.H.I.E.L.D. da Marvel: Temporada 4: O Homem Por Trás da Shield","27/10/2017"
"Agentes S.H.I.E.L.D. da Marvel: Temporada 4: Bum!","27/10/2017"
"Agentes S.H.I.E.L.D. da Marvel: Temporada 4: Sopa de Batata Quente","26/10/2017"
"Agentes S.H.I.E.L.D. da Marvel: Temporada 4: Acorda","26/10/2017"
"Agentes S.H.I.E.L.D. da Marvel: Temporada 4: O Patriota","24/10/2017"
"Agentes S.H.I.E.L.D. da Marvel: Temporada 4: Promessas Quebradas","20/10/2017"
"Agentes S.H.I.E.L.D. da Marvel: Temporada 4: As Leis da Dinâmica do Inferno","20/10/2017"
"Agentes S.H.I.E.L.D. da Marvel: Temporada 4: Enfrentando Seus Demônios","19/10/2017"
"Agentes S.H.I.E.L.D. da Marvel: Temporada 4: O Bom Samaritano","18/10/2017"
"Agentes S.H.I.E.L.D. da Marvel: Temporada 4: Presídio","17/10/2017"
"Agentes S.H.I.E.L.D. da Marvel: Temporada 4: Me Deixa Ficar Perto do Seu Fogo","13/10/2017"
"Agentes S.H.I.E.L.D. da Marvel: Temporada 4: A Revolta","29/09/2017"
"Agentes S.H.I.E.L.D. da Marvel: Temporada 4: Conheçam o Novo Chefe","28/09/2017"
"Agentes S.H.I.E.L.D. da Marvel: Temporada 4: O Fantasma","27/09/2017"
"Hora de Aventura: Temporada 4: Esposa Princesa","27/09/2017"
"Hora de Aventura: Temporada 4: Lobo do Abraço","27/09/2017"
"Hora de Aventura: Temporada 4: Seguindo seus Passos","27/09/2017"
"The Seven Deadly Sins: Sinais da Guerra Santa: A forma do amor","12/08/2017"
"The Seven Deadly Sins: Sinais da Guerra Santa: Em busca do primeiro amor","11/08/2017"
"The Seven Deadly Sins: Sinais da Guerra Santa: Nosso festival de luta","07/08/2017"
"The Seven Deadly Sins: Sinais da Guerra Santa: O início de um sonho sombrio","06/08/2017"
"The Seven Deadly Sins: Heróis","04/08/2017"
"The Seven Deadly Sins: O advento do desespero","03/08/2017"
"The Seven Deadly Sins: O que posso fazer por você","02/08/2017"
"The Seven Deadly Sins: O perigo que se aproxima","01/08/2017"
"The Seven Deadly Sins: O feitiço da coragem","31/07/2017"
"The Seven Deadly Sins: O Rei das Fadas","30/07/2017"
"Little Witch Academia: Temporada 1: Começando do zero","29/07/2017"
"Two and a Half Men: Temporada 8: Um cacto recheado de pudim","29/07/2017"
"Two and a Half Men: Temporada 8: Uma garrafa de vinho e uma marreta","29/07/2017"
"Two and a Half Men: Temporada 8: Três garotas e um cara chamado Bud","29/07/2017"
"The Seven Deadly Sins: Mesmo que me custe a vida","29/07/2017"
"The Seven Deadly Sins: A primeira vítima","27/07/2017"
"Juana Inés: A vida com que morro","26/07/2017"
"Juana Inés: Detenha a mão","26/07/2017"
"The Seven Deadly Sins: Lendas contadas","26/07/2017"
"The Seven Deadly Sins: Cavaleiro profano","25/07/2017"
"Juana Inés: Divina Lysi","24/07/2017"
"Juana Inés: Este tormento amoroso","23/07/2017"
"Juana Inés: Lágrimas negras da minha pena","23/07/2017"
"The Seven Deadly Sins: O leitor de livros","23/07/2017"
"The Seven Deadly Sins: Discípulo da destruição","22/07/2017"
"Juana Inés: Não há prisão para a alma","21/07/2017"
"The Seven Deadly Sins: O terrível Canon","21/07/2017"
"The Seven Deadly Sins: Sentimentos antigos","20/07/2017"
"Juana Inés: Pelo menos, olhe para mim","19/07/2017"
"The Seven Deadly Sins: O festival de luta de Byzel","19/07/2017"
"The Seven Deadly Sins: Pulsação das trevas","18/07/2017"
"The Seven Deadly Sins: A temível cavaleira sagrada","17/07/2017"
"The Seven Deadly Sins: Uma reunião emocionante","16/07/2017"
"The Seven Deadly Sins: O poema do início","15/07/2017"
"The Seven Deadly Sins: Mesmo que você morra","14/07/2017"
"The Seven Deadly Sins: O sonho de uma garotinha","12/07/2017"
"Arrow: Temporada 4: Almas perdidas","11/07/2017"
"The Seven Deadly Sins: O pecado da Floresta Adormecida","11/07/2017"
"The Seven Deadly Sins: A espada do cavaleiro sagrado","10/07/2017"
"The Seven Deadly Sins: Os Sete Pecados Capitais","09/07/2017"
"Os Vingadores Unidos: Temporada 3: Homem-Formiga em Grande Estilo","01/07/2017"
"The Flash: Temporada 1: O homem mais rápido do mundo","13/05/2017"
"The Flash: Temporada 1: Piloto","06/05/2017"
"Watchmen - O filme","30/04/2017"
"Cyborg 009: Call of Justice: O imperador","13/04/2017"
"A Fúria do Dragão","01/04/2017"
"Sherlock: Um estudo em rosa","31/03/2017"
"Homem de ferro: a batalha contra ezekiel stane","31/03/2017"
"Os Vingadores Confidencial: Viúva Negra e Justiceiro","27/03/2017"
"Cyborg 009: Call of Justice: Ruptura","27/03/2017"
"Cyborg 009: Call of Justice: Uma ilusão chamada esperança","26/03/2017"
"Cyborg 009: Call of Justice: Casa do destino","25/03/2017"
"Cyborg 009: Call of Justice: Os guardiões","24/03/2017"
"Cyborg 009: Call of Justice: Poder invisível","22/03/2017"
"Cyborg 009: Call of Justice: Os mal-aventurados","21/03/2017"
"Cyborg 009: Call of Justice: Uma visita turbulenta","19/03/2017"
"GANTZ:O","06/03/2017"
"Samurai Flamenco: Flamenco VS Falso Flamenco","10/01/2017"
"A Lenda de Korra: Livro 2: Espíritos: Luz no Escuro","08/12/2016"
"A Lenda de Korra: Livro 2: Espíritos: Cai a Escuridão","07/12/2016"
"A Lenda de Korra: Livro 2: Espíritos: Convergência Harmônica","01/12/2016"
"Agentes S.H.I.E.L.D. da Marvel: Temporada 3: Ascensão","29/11/2016"
"A Lenda de Korra: Livro 2: Espíritos: Noite de Mil Estrelas","27/11/2016"
"Agentes S.H.I.E.L.D. da Marvel: Temporada 3: Absolvição","26/11/2016"
"A Lenda de Korra: Livro 2: Espíritos: Uma Nova Era Espiritual","26/11/2016"
"A Lenda de Korra: Livro 2: Espíritos: O Guia","25/11/2016"
"Agentes S.H.I.E.L.D. da Marvel: Temporada 3: Emancipação","24/11/2016"
"A Lenda de Korra: Livro 2: Espíritos: Inícios, Segunda Parte","24/11/2016"
"A Lenda de Korra: Livro 2: Espíritos: Inícios, Primeira Parte","23/11/2016"
"Agentes S.H.I.E.L.D. da Marvel: Temporada 3: Experimentos falhos","22/11/2016"
"Agentes S.H.I.E.L.D. da Marvel: Temporada 3: A singularidade","22/11/2016"
"Agentes S.H.I.E.L.D. da Marvel: Temporada 3: A equipe","22/11/2016"
"A Lenda de Korra: Livro 2: Espíritos: Operação Disfarçada","22/11/2016"
"Agentes S.H.I.E.L.D. da Marvel: Temporada 3: Perdido no paraíso","21/11/2016"
"A Lenda de Korra: Livro 2: Espíritos: Mantenedores da Paz","21/11/2016"
"A Lenda de Korra: Livro 2: Espíritos: Guerras Civis: Segunda Parte","20/11/2016"
"A Lenda de Korra: Livro 2: Espíritos: Guerras Civis: Primeira Parte","19/11/2016"
"A Lenda de Korra: Livro 2: Espíritos: As Luzes do Sul","18/11/2016"
"Agentes S.H.I.E.L.D. da Marvel: Temporada 3: Espaço e tempo","17/11/2016"
"A Lenda de Korra: Livro 2: Espíritos: Espírito Rebelde","17/11/2016"
"A Lenda de Korra: Livro 1: Ar: Fim de Jogo","16/11/2016"
"72 Cutest Animals: Origem da fofura","15/11/2016"
"A Lenda de Korra: Livro 1: Ar: Esqueletos no Armário","15/11/2016"
"Agentes S.H.I.E.L.D. da Marvel: Temporada 3: Cães de guarda","14/11/2016"
"A Lenda de Korra: Livro 1: Ar: A Lenda de Korra","14/11/2016"
"Agentes S.H.I.E.L.D. da Marvel: Temporada 3: Despedida","13/11/2016"
"A Lenda de Korra: Livro 1: Ar: Do Passado","13/11/2016"
"Agentes S.H.I.E.L.D. da Marvel: Temporada 3: Infiltrado","11/11/2016"
"Agentes S.H.I.E.L.D. da Marvel: Temporada 3: A velocidade do ioiô","09/11/2016"
"A Lenda de Korra: Livro 1: Ar: Quando os Extremos se Encontram","09/11/2016"
"A Lenda de Korra: Livro 1: Ar: O Dia Seguinte","08/11/2016"
"Agentes S.H.I.E.L.D. da Marvel: Temporada 3: Maveth","07/11/2016"
"Agentes S.H.I.E.L.D. da Marvel: Temporada 3: Encerramento","07/11/2016"
"A Lenda de Korra: Livro 1: Ar: E o Vencedor é…","07/11/2016"
"Agentes S.H.I.E.L.D. da Marvel: Temporada 3: Muitas cabeças, uma história","06/11/2016"
"A Lenda de Korra: Livro 1: Ar: O Espírito de Competição","06/11/2016"
"A Lenda de Korra: Livro 1: Ar: A Voz na Noite","05/11/2016"
"Agentes S.H.I.E.L.D. da Marvel: Temporada 3: Teoria do caos","04/11/2016"
"A Lenda de Korra: Livro 1: Ar: A Revelação","04/11/2016"
"Agentes S.H.I.E.L.D. da Marvel: Temporada 3: Escondido entre nós","03/11/2016"
"A Lenda de Korra: Livro 1: Ar: Uma Folha ao Vento","03/11/2016"
"Black Mirror: Temporada 3: Queda livre","01/11/2016"
"Black Mirror: Temporada 2: Volto já","01/11/2016"
"A Lenda de Korra: Livro 1: Ar: Bem-vinda à Cidade República","01/11/2016"
"Agentes S.H.I.E.L.D. da Marvel: Temporada 3: 4.722 horas","31/10/2016"
"Avatar - A lenda de Aang: Avatar - A lenda de Aang: Livro 3: Sozin's Comet: Parte 4: Avatar Aang","31/10/2016"
"Agentes S.H.I.E.L.D. da Marvel: Temporada 3: Demônios conhecidos","30/10/2016"
"Avatar - A lenda de Aang: Avatar - A lenda de Aang: Livro 3: Sozin's Comet: Parte 3: Into the Inferno","30/10/2016"
"Agentes S.H.I.E.L.D. da Marvel: Temporada 3: Um inumano procurado","29/10/2016"
"Agentes S.H.I.E.L.D. da Marvel: Temporada 3: O propósito da máquina","29/10/2016"
"Avatar - A lenda de Aang: Avatar - A lenda de Aang: Livro 3: Sozin's Comet: Parte 2: The Old Masters","29/10/2016"
"The Crown (Trailer)","29/10/2016"
"Avatar - A lenda de Aang: Avatar - A lenda de Aang: Livro 3: Sozin's Comet: Parte 1: The Phoenix King","28/10/2016"
"Avatar - A lenda de Aang: Avatar - A lenda de Aang: Livro 3: Os atores da Ilha Ember","27/10/2016"
"Wolverine e os X- Men: Hindsight: Part 1","27/10/2016"
"Ridiculous Six: Motion Video - 3loop","26/10/2016"
"Agentes S.H.I.E.L.D. da Marvel: Temporada 3: Leis da natureza","26/10/2016"
"Avatar - A lenda de Aang: Avatar - A lenda de Aang: Livro 3: Os atacantes do sul","26/10/2016"
"Agentes S.H.I.E.L.D. da Marvel: Temporada 2: S.O.S.: Parte 2","25/10/2016"
"Agentes S.H.I.E.L.D. da Marvel: Temporada 2: S.O.S.: Parte 1","25/10/2016"
"Voltron - O Defensor Lendário: Temporada 1: A Origem de Voltron","25/10/2016"
"Avatar - A lenda de Aang: Avatar - A lenda de Aang: Livro 3: The Boiling Rock: Parte 2","25/10/2016"
"Agentes S.H.I.E.L.D. da Marvel: Temporada 2: Cicatrizes","24/10/2016"
"Avatar - A lenda de Aang: Avatar - A lenda de Aang: Livro 3: The Boiling Rock: Parte 1","24/10/2016"
"Agentes S.H.I.E.L.D. da Marvel: Temporada 2: Meia dúzia de sujos","23/10/2016"
"Stranger Things: Capítulo um: O desaparecimento de Will Byers","23/10/2016"
"Agentes S.H.I.E.L.D. da Marvel: Temporada 2: A inimizade do meu inimigo","23/10/2016"
"Hora de Aventura: Temporada 4: Sonho de Amor","23/10/2016"
"Hora de Aventura: Temporada 4: Cinco Historinhas","23/10/2016"
"Hora de Aventura: Temporada 4: Quente Demais Parte 2","23/10/2016"
"Avatar - A lenda de Aang: Avatar - A lenda de Aang: Livro 3: Os mestres da dominação do fogo","23/10/2016"
"The Flash: Temporada 2: De volta ao normal","23/10/2016"
"Avatar - A lenda de Aang: Avatar - A lenda de Aang: Livro 3: O templo de Ar do Oeste","21/10/2016"
"Avatar - A lenda de Aang: Avatar - A lenda de Aang: Livro 3: The Day of the Black Sun: Parte 2","20/10/2016"
"Avatar - A lenda de Aang: Avatar - A lenda de Aang: Livro 3: The Day of the Black Sun: Parte 1","19/10/2016"
"Avatar - A lenda de Aang: Avatar - A lenda de Aang: Livro 3: Pesadelos e devaneios","18/10/2016"
"Agentes S.H.I.E.L.D. da Marvel: Temporada 2: Melinda","17/10/2016"
"Avatar - A lenda de Aang: Avatar - A lenda de Aang: Livro 3: A manipuladora de fantoches","17/10/2016"
"Agentes S.H.I.E.L.D. da Marvel: Temporada 2: Pós-vida","16/10/2016"
"Avatar - A lenda de Aang: Avatar - A lenda de Aang: Livro 3: A fugitiva","16/10/2016"
"Agentes S.H.I.E.L.D. da Marvel: Temporada 2: Uma porta se fecha","15/10/2016"
"Avatar - A lenda de Aang: Avatar - A lenda de Aang: Livro 3: Avatar e o Senhor do Fogo","15/10/2016"
"Agentes S.H.I.E.L.D. da Marvel: Temporada 2: Amor no tempo da Hidra","14/10/2016"
"Avatar - A lenda de Aang: Avatar - A lenda de Aang: Livro 3: A praia","14/10/2016"
"Agentes S.H.I.E.L.D. da Marvel: Temporada 2: Um de nós","13/10/2016"
"Walking with Dinosaurs: Sea Monsters: Mares perigosos","13/10/2016"
"Agentes S.H.I.E.L.D. da Marvel: Temporada 2: Quem vocês são realmente","13/10/2016"
"Avatar - A lenda de Aang: Avatar - A lenda de Aang: Livro 3: O mestre de Sokka","13/10/2016"
"Agentes S.H.I.E.L.D. da Marvel: Temporada 2: Tremores","11/10/2016"
"Avatar - A lenda de Aang: Avatar - A lenda de Aang: Livro 3: A dama pintada","11/10/2016"
"Avatar - A lenda de Aang: Avatar - A lenda de Aang: Livro 3: A faixa de cabeça","10/10/2016"
"Agentes S.H.I.E.L.D. da Marvel: Temporada 2: No que se tornaram","09/10/2016"
"Avatar - A lenda de Aang: Avatar - A lenda de Aang: Livro 3: O despertar","09/10/2016"
"Agentes S.H.I.E.L.D. da Marvel: Temporada 2: Quem entrou aqui?","08/10/2016"
"Agentes S.H.I.E.L.D. da Marvel: Temporada 2: Coisas que sepultamos","07/10/2016"
"Avatar - A lenda de Aang: Avatar - A lenda de Aang: Livro 2: As encruzilhadas do destino","07/10/2016"
"Agentes S.H.I.E.L.D. da Marvel: Temporada 2: Escrituras na parede","06/10/2016"
"Parker","06/10/2016"
"Avatar - A lenda de Aang: Avatar - A lenda de Aang: Livro 2: O guru","06/10/2016"
"Avatar - A lenda de Aang: Avatar - A lenda de Aang: Livro 2: O rei da Terra","04/10/2016"
"Agentes S.H.I.E.L.D. da Marvel: Temporada 2: Uma casa despedaçada","03/10/2016"
"Avatar - A lenda de Aang: Avatar - A lenda de Aang: Livro 2: Lago Laogai","03/10/2016"
"Avatar - A lenda de Aang: Avatar - A lenda de Aang: Livro 2: Os dias perdidos do Appa","02/10/2016"
"Agentes S.H.I.E.L.D. da Marvel: Temporada 2: Um cordeiro na casa do lobo","01/10/2016"
"Agentes S.H.I.E.L.D. da Marvel: Temporada 2: De cara com o inimigo","01/10/2016"
"Two and a Half Men: Temporada 6: Acima ciclopes exaltados","01/10/2016"
"Avatar - A lenda de Aang: Avatar - A lenda de Aang: Livro 2: As histórias de Ba Sing Se","01/10/2016"
"Agentes S.H.I.E.L.D. da Marvel: Temporada 2: Amizades e influências","30/09/2016"
"Avatar - A lenda de Aang: Avatar - A lenda de Aang: Livro 2: A cidade de muros e segredos","30/09/2016"
"Agentes S.H.I.E.L.D. da Marvel: Temporada 2: Traição","29/09/2016"
"Avatar - A lenda de Aang: Avatar - A lenda de Aang: Livro 2: Journey to Ba Sing Se: Parte 2: The Drill","29/09/2016"
"Agentes S.H.I.E.L.D. da Marvel: Temporada 2: Sombras","27/09/2016"
"Avatar - A lenda de Aang: Avatar - A lenda de Aang: Livro 2: Journey to Ba Sing Se: Parte 1: The Serpent's Pass","27/09/2016"
"Avatar - A lenda de Aang: Avatar - A lenda de Aang: Livro 2: O deserto","26/09/2016"
"Avatar - A lenda de Aang: Avatar - A lenda de Aang: Livro 2: A biblioteca","25/09/2016"
"Avatar - A lenda de Aang: Avatar - A lenda de Aang: Livro 2: Trabalho amargo","24/09/2016"
"Avatar - A lenda de Aang: Avatar - A lenda de Aang: Livro 2: A caçada","23/09/2016"
"Avatar - A lenda de Aang: Avatar - A lenda de Aang: Livro 2: Zuko sozinho","22/09/2016"
"Avatar - A lenda de Aang: Avatar - A lenda de Aang: Livro 2: A bandida cega","21/09/2016"
"Agentes S.H.I.E.L.D. da Marvel: O começo do fim","20/09/2016"
"Avatar - A lenda de Aang: Avatar - A lenda de Aang: Livro 2: O dia do avatar","20/09/2016"
"Avatar - A lenda de Aang: Avatar - A lenda de Aang: Livro 2: O pântano","20/09/2016"
"Avatar - A lenda de Aang: Avatar - A lenda de Aang: Livro 2: Retorno a Omashu","18/09/2016"
"Avatar - A lenda de Aang: Avatar - A lenda de Aang: Livro 2: A caverna dos dois amantes","17/09/2016"
"Avatar - A lenda de Aang: Avatar - A lenda de Aang: Livro 2: O estado avatar","16/09/2016"
"Agentes S.H.I.E.L.D. da Marvel: Gentalha","15/09/2016"
"Avatar - A lenda de Aang: Avatar - A lenda de Aang: Livro 1: The Siege of the North: Parte 2","15/09/2016"
"Avatar - A lenda de Aang: Avatar - A lenda de Aang: Livro 1: The Siege of the North: Parte 1","15/09/2016"
"Video Games: The Movie","14/09/2016"
"Agentes S.H.I.E.L.D. da Marvel: Episódio 20","13/09/2016"
"Agentes S.H.I.E.L.D. da Marvel: Episódio 19","12/09/2016"
"Avatar - A lenda de Aang: Avatar - A lenda de Aang: Livro 1: The Waterbending Master","12/09/2016"
"Agentes S.H.I.E.L.D. da Marvel: Episódio 18","11/09/2016"
"Agentes S.H.I.E.L.D. da Marvel: Vira, vira, vira, virou!","10/09/2016"
"Agentes S.H.I.E.L.D. da Marvel: O fim do começo","10/09/2016"
"Two and a Half Men: Temporada 6: Olá, eu sou Alan Cousteau","10/09/2016"
"Two and a Half Men: Temporada 6: A regra dos dois dedos","10/09/2016"
"Two and a Half Men: Temporada 6: O cabeção do meu filho","10/09/2016"
"Two and a Half Men: Temporada 6: O Ocu ou o Pado?","10/09/2016"
"Avatar - A lenda de Aang: Avatar - A lenda de Aang: Livro 1: The Northern Air Temple","10/09/2016"
"Agentes S.H.I.E.L.D. da Marvel: Sim, senhor","09/09/2016"
"Agentes S.H.I.E.L.D. da Marvel: T.A.H.I.T.I.","09/09/2016"
"Avatar - A lenda de Aang: Avatar - A lenda de Aang: Livro 1: The Deserter","08/09/2016"
"Agentes S.H.I.E.L.D. da Marvel: T.R.A.C.K.S.","08/09/2016"
"Agentes S.H.I.E.L.D. da Marvel: Sementes","08/09/2016"
"Agentes S.H.I.E.L.D. da Marvel: O lugar mágico","07/09/2016"
"Avatar - A lenda de Aang: Avatar - A lenda de Aang: Livro 1: Bato of the Water Tribe","07/09/2016"
"Avatar - A lenda de Aang: Avatar - A lenda de Aang: Livro 1: The Fortune-Teller","06/09/2016"
"Avatar - A lenda de Aang: Avatar - A lenda de Aang: Livro 1: The Blue Spirit","04/09/2016"
"Avatar - A lenda de Aang: Avatar - A lenda de Aang: Livro 1: The Storm","03/09/2016"
"Avatar - A lenda de Aang: Avatar - A lenda de Aang: Livro 1: The Great Divide","02/09/2016"
"Avatar - A lenda de Aang: Avatar - A lenda de Aang: Livro 1: Jet","01/09/2016"
"Avatar - A lenda de Aang: Avatar - A lenda de Aang: Livro 1: The Waterbending Scroll","31/08/2016"
"Agentes S.H.I.E.L.D. da Marvel: A ponte","30/08/2016"
"Avatar - A lenda de Aang: Avatar - A lenda de Aang: Livro 1: Winter Solstice: Parte 2: Avatar Roku","30/08/2016"
"Agentes S.H.I.E.L.D. da Marvel: Reparos","29/08/2016"
"Avatar - A lenda de Aang: Avatar - A lenda de Aang: Livro 1: Winter Solstice: Parte 1: The Spirit World","29/08/2016"
"Avatar - A lenda de Aang: Avatar - A lenda de Aang: Livro 1: Imprisoned","28/08/2016"
"Avatar - A lenda de Aang: Avatar - A lenda de Aang: Livro 1: The King of Omashu","27/08/2016"
"Avatar - A lenda de Aang: Avatar - A lenda de Aang: Livro 1: The Warriors of Kyoshi","26/08/2016"
"Avatar - A lenda de Aang: Avatar - A lenda de Aang: Livro 1: The Southern Air Temple","25/08/2016"
"Avatar - A lenda de Aang: Avatar - A lenda de Aang: Livro 1: The Avatar Returns: Parte 2","24/08/2016"
"Avatar - A lenda de Aang: Avatar - A lenda de Aang: Livro 1: The Boy in the Iceberg: The Avatar Returns: Parte 1","23/08/2016"
"Arrow: Temporada 3: Meu nome é Oliver Queen","26/07/2016"
"Arrow: Temporada 3: Esta é sua arma","25/07/2016"
"Arrow: Temporada 3: Al Sah-him","18/07/2016"
"Arrow: Temporada 3: Perdas","14/07/2016"
"Arrow: Temporada 3: Dois Arqueiros","13/07/2016"
"Arrow: Temporada 3: Inimigo público","12/07/2016"
"Truques da Mente: Temporada 2: Guerra dos Sexos","12/07/2016"
"Arrow: Temporada 3: Tendências suicidas","11/07/2016"
"Arrow: Temporada 3: A oferta","08/07/2016"
"Arrow: Temporada 3: Nanda Parbat","07/07/2016"
"Two and a Half Men: Temporada 6: Ela vai continuar morta no intervalo","06/07/2016"
"Two and a Half Men: Temporada 6: Eu quero começar pelo gato","06/07/2016"
"Arrow: Temporada 3: O regresso","06/07/2016"
"Arrow: Temporada 3: Canários","05/07/2016"
"Arrow: Temporada 3: Revolta","04/07/2016"
"Arrow: Temporada 3: Cidade da Meia-noite","01/07/2016"
"Arrow: Temporada 3: Deixado para trás","30/06/2016"
"Two and a Half Men: Temporada 6: Acho que você ofendeu o Don","23/06/2016"
"Arrow: Temporada 3: A escalada","23/06/2016"
"Os Vingadores Unidos: O planeta do Destino","18/06/2016"
"Arrow: Temporada 3: Os ousados e os corajosos","17/06/2016"
"Arrow: Temporada 3: Prepare seu arco","16/06/2016"
"Arrow: Temporada 3: Culpado","13/06/2016"
"Appleseed Alpha","12/06/2016"
"Arrow: Temporada 3: O passado secreto de Felicity Smoak","10/06/2016"
"Arrow: Temporada 3: O Mago","09/06/2016"
"Arrow: Temporada 3: Corto Maltese","06/06/2016"
"Os Vingadores Unidos: Destino destruidor","04/06/2016"
"Arrow: Temporada 3: Sara","03/06/2016"
"Arrow: Temporada 3: A calmaria","02/06/2016"
"Arrow: Temporada 2: O impensável","31/05/2016"
"Agentes S.H.I.E.L.D. da Marvel: O poço","31/05/2016"
"Agentes S.H.I.E.L.D. da Marvel: A central","29/05/2016"
"Arrow: Temporada 2: Ruas em chamas","27/05/2016"
" ","27/05/2016"
"Arrow: Temporada 2: Exército de Blood","26/05/2016"
"Agentes S.H.I.E.L.D. da Marvel: F.Z.Z.T","24/05/2016"
"Arrow: Temporada 2: Enfurecidos","23/05/2016"
"Agentes S.H.I.E.L.D. da Marvel: A garota do vestido florido","23/05/2016"
"Agentes S.H.I.E.L.D. da Marvel: Olho espião","22/05/2016"
"Two and a Half Men: Temporada 6: Boca de Pinóquio","21/05/2016"
"Two and a Half Men: Temporada 6: O melhor que o dinheiro pode comprar","21/05/2016"
"Two and a Half Men: Temporada 6: Sempre é a semana dos nazistas","21/05/2016"
"Two and a Half Men: Temporada 6: Inferno","21/05/2016"
"Agentes S.H.I.E.L.D. da Marvel: A carga","21/05/2016"
"Arrow: Temporada 2: O homem sob o capuz","20/05/2016"
"Arrow: Temporada 2: Exterminador","17/05/2016"
"Agentes S.H.I.E.L.D. da Marvel: 0-8-4","17/05/2016"
"Agentes S.H.I.E.L.D. da Marvel: Piloto","15/05/2016"
"Arrow: Temporada 2: Pássaros feridos","13/05/2016"
"Two and a Half Men: Temporada 5: Se meu buraco falasse","12/05/2016"
"Two and a Half Men: Temporada 5: O casamento","12/05/2016"
"Arrow: Temporada 2: Esquadrão Suicida","12/05/2016"
"Arrow: Temporada 2: A promessa","10/05/2016"
"Arrow: Temporada 2: Hora da morte","06/05/2016"
"Two and a Half Men: Temporada 5: Noite difícil","05/05/2016"
"Two and a Half Men: Temporada 5: Tempo contado","05/05/2016"
"Arrow: Temporada 2: Herdeira do demônio","05/05/2016"
"Arrow: Temporada 2: Tremores","03/05/2016"
"Arrow: Temporada 2: Ponto fraco","29/04/2016"
"Arrow: Temporada 2: Raio de explosão","28/04/2016"
"Agente Carter: Despedida","28/04/2016"
"Agente Carter: SNAFU","27/04/2016"
"Arrow: Temporada 2: Três fantasmas","26/04/2016"
"Agente Carter: O erro do pecado","25/04/2016"
"The Ranch: Parte 1: Na minha terra","25/04/2016"
"Roast of Charlie Sheen","24/04/2016"
"Two and a Half Men: Temporada 5: Chegando ao ponto","24/04/2016"
"Agente Carter: O teto de ferro","24/04/2016"
"Arrow: Temporada 2: O cientista","22/04/2016"
"Hora de Aventura: Temporada 3: Morituri Te Salutamus","22/04/2016"
"Hora de Aventura: Temporada 3: Vitória Sobre A Fofura","22/04/2016"
"Agente Carter: O Botão Blitzkrieg","22/04/2016"
"Agente Carter: Tempo e maré","21/04/2016"
"Arrow: Temporada 2: Estado x Rainha","21/04/2016"
"Agente Carter: Ponte e túnel","20/04/2016"
"Two and a Half Men: Temporada 5: Parece necrofilia","19/04/2016"
"Two and a Half Men: Temporada 6: Fecha o bico","19/04/2016"
"Arrow: Temporada 2: Mantenha seus inimigos por perto","18/04/2016"
"Two and a Half Men: Temporada 3: A vila do Papai Noel","18/04/2016"
"Arrow: Temporada 2: Liga dos Assassinos","14/04/2016"
"Two and a Half Men: Temporada 6: Cheirou presunto, ficou excitado","14/04/2016"
"Arrow: Temporada 2: Calvário","11/04/2016"
"Arrow: Temporada 2: Bonecas despedaçadas","08/04/2016"
"Arrow: Temporada 2: Identidade","07/04/2016"
"Arrow: Temporada 2: Cidade de heróis","05/04/2016"
"Agente Carter: O fim não é agora","04/04/2016"
"Arrow: Temporada 1: Sacrifício","01/04/2016"
"Arrow: Temporada 1: Escuridão","31/03/2016"
"Arrow: Temporada 1: A empresa","29/03/2016"
"Arrow: Temporada 1: Invasão","28/03/2016"
"Arrow: Temporada 1: Negócios pendentes","25/03/2016"
"Arrow: Temporada 1: Salvação","22/03/2016"
"Marvel - Demolidor: Temporada 2: Para servir e proteger","22/03/2016"
"Arrow: Temporada 1: O retorno da Caçadora","22/03/2016"
"Jackass 3.5: Sem Censura","18/03/2016"
"The Ridiculous 6","18/03/2016"
"Arrow: Temporada 1: Flagra","15/03/2016"
"Arrow: Temporada 1: Esquiva","08/03/2016"
"Arrow: Temporada 1: A odisseia","07/03/2016"
"Arrow: Temporada 1: Traição","03/03/2016"
"Arrow: Temporada 1: Vertigo","29/02/2016"
"Arrow: Temporada 1: Confie, mas verifique","25/02/2016"
"Arrow: Temporada 1: Incêndio","23/02/2016"
"Arrow: Temporada 1: Fim de ano","18/02/2016"
"Arrow: Temporada 1: Vingança","16/02/2016"
"Arrow: Temporada 1: Musa de fogo","12/02/2016"
"Arrow: Temporada 1: Legado","12/02/2016"
"Arrow: Temporada 1: Danificado","08/02/2016"
"Arrow: Temporada 1: Um homem inocente","05/02/2016"
"Arrow: Temporada 1: Atirador solitário","04/02/2016"
"Arrow: Temporada 1: Honre seu pai","04/02/2016"
"Coragem, o Cão Covarde: Noite Da Toupeira Lobisomem / Dia Das Mães","27/01/2016"
"Coragem, o Cão Covarde: O Demônio Do Colchão / Fred Esquisitão","27/01/2016"
"Coragem, o Cão Covarde: Coragem Encontra O Pé Grande / Cabeça Quente","27/01/2016"
"Arrow: Temporada 1: Piloto","27/01/2016"
"Coragem, o Cão Covarde: A Sombra Do Coragem / Dr.Le Quack Especialista Em Amnésia","26/01/2016"
"Coragem, o Cão Covarde: Uma Noite no Hotel Katz / Ensopado da Vovó","26/01/2016"
"Os Vingadores Unidos: O Protocolo Vingadores: Parte I","26/01/2016"
"Shadowhunters: The Mortal Instruments: Temporada 1: Cálice letal","25/01/2016"
"Truques da Mente: Temporada 2: Ilusão de Ótica","09/01/2016"
"Horas de Desespero","09/01/2016"
"Dragon Blade","04/01/2016"
"Truques da Mente: Temporada 2: Você Decide!","04/01/2016"
"Truques da Mente: Temporada 2: Visão Periférica","04/01/2016"
"Truques da Mente: Temporada 2: O Poder da Persuasão","04/01/2016"
"Debi & Lóide 2","25/12/2015"
"Marvel - Demolidor: Camuflagem","23/11/2015"
"Marvel - Demolidor: Fio da navalha","12/11/2015"
"Marvel - Demolidor: No círculo","08/11/2015"
"Shooting Starlets Musumet: Dye Me as You Like! A Delicate Girlish Heart","10/10/2015"
"Wet Hot American Summer: First Day of Camp: A chegada","02/08/2015"
"The Walking Dead: Temporada 3: O rei suicida","30/05/2015"
"The Walking Dead: Temporada 3: Nascidos para sofrer","28/05/2015"
"The Walking Dead: Temporada 3: Mortos batem à porta","27/05/2015"
"The Walking Dead: Temporada 3: Atormentado","20/05/2015"
"The Walking Dead: Temporada 3: É só falar","14/05/2015"
"The Walking Dead: Temporada 3: O assassino dentro","11/05/2015"
"The Walking Dead: Temporada 3: Vem comigo","06/05/2015"
"The Walking Dead: Temporada 3: Doente","02/05/2015"
"The Walking Dead: Temporada 3: Sementes","01/05/2015"
"The Walking Dead: Temporada 2: Fogueira apagando","01/05/2015"
"The Walking Dead: Temporada 2: Anjos bons","25/04/2015"
"The Walking Dead: Temporada 2: Juiz, júri, carrasco","24/04/2015"
"The Walking Dead: Temporada 2: A 29 km","21/04/2015"
"The Walking Dead: Temporada 2: Dedo no gatilho","19/04/2015"
"The Walking Dead: Temporada 2: Nebraska","19/04/2015"
"The Walking Dead: Temporada 2: Já quase morto","16/04/2015"
"The Walking Dead: Temporada 2: Segredos","13/04/2015"
"The Walking Dead: Temporada 2: Chupa-cabra","12/04/2015"
"As aventuras de Paddington","12/04/2015"
"The Walking Dead: Temporada 2: Rosa cherokee","11/04/2015"
"The Walking Dead: Temporada 2: Última bala","11/04/2015"
"Os Cavaleiros do Zodíaco – A Lenda do Santuário","11/04/2015"
"The Walking Dead: Temporada 2: Sangria","09/04/2015"
"The Walking Dead: Temporada 2: O que vem pela frente","05/04/2015"
"The Walking Dead: Temporada 1: IT-19","07/02/2015"
"Cegos, Surdos e Loucos","25/01/2015"
"Bleach: The Rescue: Morning of the Sentence","25/01/2015"
"Anger Management: Temporada 2: Charlie and Jen Together Again","10/01/2015"
"Anger Management: Temporada 2: Charlie's Dad Breaks Bad","24/12/2014"
"Anger Management: Temporada 2: Charlie and the Ex-Patient","24/12/2014"
"Anger Management: Temporada 2: Charlie's Dad Starts to Lose It","24/12/2014"
"Sword Art Online: O espadachim negro","22/12/2014"
"Harlock: Space Pirate","07/12/2014"
"Sword Art Online: A rena do nariz vermelho","22/11/2014"
"Sword Art Online: Beater","21/11/2014"
"Sword Art Online: O mundo das espadas","21/11/2014"
"Resident Evil – Condenação","16/11/2014"
"Kill la Kill: Um perdedor","12/11/2014"
"Supercampeões: Warriors in the Field","10/11/2014"
"Supercampeões: Genius Juan Diaz!","10/11/2014"
"Supercampeões: Road to a Dream","10/11/2014"
"Kill la Kill: Não brinque comigo","09/11/2014"
"Kill la Kill: Gatilho","08/11/2014"
"Kill la Kill: Uma manhã miserável","04/11/2014"
"Kill la Kill: Junketsu","03/11/2014"
"Kill la Kill: Sensualidade de tirar o fôlego","02/11/2014"
"Anger Management: Temporada 2: Charlie and Catholicism","31/10/2014"
"Kill la Kill: Se eu tivesse espinhos como um cardo","31/10/2014"
"Os cavaleiros do zodíaco Hades: Inferno: O Grande Eclipse!","29/10/2014"
"Os cavaleiros do zodíaco Hades: Inferno: O Caminho para Giudecca","29/10/2014"
"Dragon Ball Z: A Batalha dos Deuses","29/10/2014"
"Ikki Tousen: The Champions","25/10/2014"
"Anger Management: Temporada 2: Charlie Is an Expert Witness","11/10/2014"
"Anger Management: Temporada 2: Charlie and Cee Lo","11/10/2014"
"Anger Management: Temporada 2: Charlie Dates a Teacher","11/10/2014"
"Anger Management: Temporada 2: Charlie and Deception Therapy","11/10/2014"
"Knights of Sidonia: Resolução","10/10/2014"
"Knights of Sidonia: Saudações","10/10/2014"
"The Walking Dead: Temporada 1: Wildfire","05/10/2014"
"The Walking Dead: Temporada 1: Hermanos","05/10/2014"
"The Walking Dead: Temporada 1: Vá falar com sapos","05/10/2014"
"Sword Art Online: Vingador imaginário","05/10/2014"
"Knights of Sidonia: À deriva","05/10/2014"
"The Walking Dead: Temporada 1: Entranhas","04/10/2014"
"The Walking Dead: Temporada 1: Adeus, passado","03/10/2014"
"Jackass 3","03/10/2014"
